<?xml version="1.0" encoding="UTF-8"?>

<mule xmlns:file="http://www.mulesoft.org/schema/mule/file" xmlns:http="http://www.mulesoft.org/schema/mule/http" xmlns:data-mapper="http://www.mulesoft.org/schema/mule/ee/data-mapper" xmlns:sfdc="http://www.mulesoft.org/schema/mule/sfdc" xmlns="http://www.mulesoft.org/schema/mule/core" xmlns:doc="http://www.mulesoft.org/schema/mule/documentation"
	xmlns:spring="http://www.springframework.org/schema/beans" 
	xmlns:xsi="http://www.w3.org/2001/XMLSchema-instance"
	xsi:schemaLocation="http://www.springframework.org/schema/beans http://www.springframework.org/schema/beans/spring-beans-current.xsd
http://www.mulesoft.org/schema/mule/core http://www.mulesoft.org/schema/mule/core/current/mule.xsd
http://www.mulesoft.org/schema/mule/ee/data-mapper http://www.mulesoft.org/schema/mule/ee/data-mapper/current/mule-data-mapper.xsd
http://www.mulesoft.org/schema/mule/http http://www.mulesoft.org/schema/mule/http/current/mule-http.xsd
http://www.mulesoft.org/schema/mule/sfdc http://www.mulesoft.org/schema/mule/sfdc/current/mule-sfdc.xsd
http://www.mulesoft.org/schema/mule/file http://www.mulesoft.org/schema/mule/file/current/mule-file.xsd">
    <file:connector name="File" autoDelete="false" outputAppend="true" streaming="true" validateConnections="true" doc:name="File"/>
    <sfdc:config name="Salesforce__Basic_Authentication" username="harish93@eidiko.com" password="Sarasu@10" securityToken="cn88888888888888888888" doc:name="Salesforce: Basic Authentication"/>
    <data-mapper:config name="CSV_To_List_Contact_" transformationGraphPath="csv_to_list_contact_.grf" doc:name="CSV_To_List_Contact_"/>
    <flow name="salesforceFlow">
        <file:inbound-endpoint path="C:\Users\db2admin.bandaru-PC\Desktop\Harish_Pitta\Files" connector-ref="File" pollingFrequency="100000" responseTimeout="10000" doc:name="File">
            <file:filename-regex-filter pattern="salesforce1.csv" caseSensitive="true"/>
        </file:inbound-endpoint>
        <data-mapper:transform config-ref="CSV_To_List_Contact_" doc:name="CSV To List&lt;Contact&gt;"/>
        <sfdc:create config-ref="Salesforce__Basic_Authentication" type="Contact" doc:name="Salesforce">
            <sfdc:objects ref="#[payload]"/>
        </sfdc:create>
        <logger message="#[payload]" level="INFO" doc:name="Logger"/>
    </flow>
</mule>
